seq_name	length	topology	start	end	n_genes	genetic_code	virus_score	fdr	n_hallmarks	marker_enrichment	taxonomy	blast_l	blast_r	status	IntersectionWithCheckV	LengthBlastVsCheckV	checkv_provirus	checkv_quality	checkv_completeness	checkv_completeness_method	checkv_adjstart	checkv_adjend	blastLength	genome
contig_1|provirus_121798_174548	52751	Provirus	121798	174548	65	11	0.9979	0.0017	16	67.1082	Viruses;Duplodnaviria;Heunggongvirae;Uroviricota;Caudoviricetes	121696	177086	FlanksPresent	100	105.004644461716	No	High-quality	100	AAI-based (high-confidence)	121798	174548	55391	ecor11
contig_1|provirus_2_25250	25249	Provirus	2	25250	29	11	0.9981	0.0016	17	36.9674	Viruses;Duplodnaviria;Heunggongvirae;Uroviricota;Caudoviricetes	1	25509	ShortLeftFl	100	101.029743752228	No	Medium-quality	54.37	AAI-based (high-confidence)	2	25250	25509	ecor11
contig_1|provirus_372275_426020	53746	Provirus	372275	426020	71	11	0.9977	0.0018	18	63.3079	Viruses;Duplodnaviria;Heunggongvirae;Uroviricota;Caudoviricetes	379806	401657	FlanksPresent	98.1785659751761	47.667037497546	Yes	Complete	100	Provirus (high-confidence)	378971	424813	21852	ecor11
contig_1|provirus_4122549_4161646	39098	Provirus	4122549	4161646	58	11	0.9979	0.0018	19	67.8625	Viruses;Duplodnaviria;Heunggongvirae;Uroviricota;Caudoviricetes	4123084	4160542	FlanksPresent	97.087839620153	98.8103402796096	Yes	High-quality	100	AAI-based (medium-confidence)	4123737	4161646	37459	ecor11
contig_1|provirus_4595823_4642581	46759	Provirus	4595823	4642581	64	11	0.9986	0.0014	19	77.4641	Viruses;Duplodnaviria;Heunggongvirae;Uroviricota;Caudoviricetes	4595748	4644729	FlanksPresent	100	104.754164973588	No	High-quality	98.49	AAI-based (high-confidence)	4595823	4642581	48982	ecor11
contig_1|provirus_5027440_5038376	10937	Provirus	5027440	5038376	21	11	0.9985	0.0014	2	20.8882	Viruses;Duplodnaviria;Heunggongvirae;Uroviricota;Caudoviricetes	5025432	5036960	FlanksPresent	87.0531224284539	105.41281887172	No	High-quality	92.92	AAI-based (high-confidence)	5027440	5038376	11529	ecor11
contig_1|provirus_5146948_5171715	24768	Provirus	5146948	5171715	38	11	0.9981	0.0016	7	37.4396	Viruses;Duplodnaviria;Heunggongvirae;Uroviricota;Caudoviricetes	NA	NA	ShortRightFl	NA	NA	No	Medium-quality	54.86	AAI-based (high-confidence)	5146948	5171715	NA	ecor11
contig_1|provirus_819672_865867	46196	Provirus	819672	865867	63	11	0.9985	0.0015	21	81.4322	Viruses;Duplodnaviria;Heunggongvirae;Uroviricota;Caudoviricetes	819672	865883	FlanksPresent	100	121.692354316391	No	Medium-quality	74.08	HMM-based (lower-bound)	819672	865867	46212	ecor11
